n,g,rand_cut,rand_time,local_cut,local_time,opt_cut,opt_time,qaoa_gamma,qaoa_beta,qaoa_analytic_val,qaoa_opt_time,qaoa_sampled_expectation,qaoa_best_cut,qaoa_counts,qaoa_sim_time,qaoa_total_time,qaoa_shots,qc_job,qc_prep_time,qc_run_time,qc_best_cut,qc_total_time,repeat,qc_entropy_bits
3,<lib.graphlib.GraphLib object at 0x0000015262B8E530>,33,0.04742145538330078,19,0.000286102294921875,33.0,0.001201629638671875,1.0471498147995668,0.39267204956884466,27.217064284759786,0.14445233345031738,15.924072265625,33.0,,0.584726095199585,0.7291784286499023,4096.0,"<RuntimeJobV2('d45sc29me48c73d7ifpg', 'sampler')>",2.258072853088379,2.729608,14,4.987680853088379,0,2.8562454605034917
3,<lib.graphlib.GraphLib object at 0x00000152609BA1C0>,0,0.04678535461425781,0,7.62939453125e-05,0.0,0.00023484230041503906,1.0,0.0,0.0,0.026508092880249023,0.0,0.0,,0.38961219787597656,0.4161202907562256,4096.0,,,,,,1,
3,<lib.graphlib.GraphLib object at 0x000001524B6F44B0>,21,0.0923306941986084,18,9.632110595703125e-05,21.0,0.0003058910369873047,1.047182443583681,0.39272899999337973,17.31995000440933,0.09522867202758789,10.660400390625,21.0,,0.39444923400878906,0.48967790603637695,4096.0,,,,,,2,
3,<lib.graphlib.GraphLib object at 0x0000015257686300>,0,0.08483409881591797,0,9.489059448242188e-05,0.0,0.000286102294921875,1.0,0.0,0.0,0.019145965576171875,0.0,0.0,,0.2597792148590088,0.27892518043518066,4096.0,,,,,,3,
3,<lib.graphlib.GraphLib object at 0x000001525534E4E0>,2,0.08732748031616211,2,7.581710815429688e-05,2.0,0.00044989585876464844,1.5707963267948966,0.39269908169872414,2.0,0.05465555191040039,1.02734375,2.0,,0.2501401901245117,0.3047957420349121,4096.0,,,,,,4,
6,<lib.graphlib.GraphLib object at 0x000001524B6E43C0>,39,0.09974074363708496,39,0.00010156631469726562,39.0,0.0011134147644042969,1.047113572493733,0.3926983168647523,32.165621440963385,0.07802867889404297,19.512939453125,39.0,,0.25964832305908203,0.337677001953125,4096.0,"<RuntimeJobV2('d45sc3pme48c73d7ifrg', 'sampler')>",1.775388240814209,2.04448,20,3.819868240814209,0,5.862813477468295
6,<lib.graphlib.GraphLib object at 0x000001524B6EADF0>,57,0.054952144622802734,57,0.00010251998901367188,57.0,0.0011985301971435547,0.7835995444612448,0.39272338913779437,42.305983038219,0.08845806121826172,33.168701171875,57.0,,0.2570154666900635,0.3454735279083252,4096.0,,,,,,1,
6,<lib.graphlib.GraphLib object at 0x00000152608F4D70>,79,0.11369681358337402,50,0.00017762184143066406,79.0,0.0018477439880371094,0.5926930157628116,0.33126402317632897,57.731318668300396,0.11171674728393555,45.818359375,79.0,,0.3295624256134033,0.44127917289733887,4096.0,,,,,,2,
6,<lib.graphlib.GraphLib object at 0x000001524B6E6170>,15,0.1098325252532959,15,0.0001010894775390625,15.0,0.002911090850830078,1.5707963267948966,0.39269908169872414,15.0,0.07056236267089844,7.40478515625,15.0,,0.4132707118988037,0.48383307456970215,4096.0,,,,,,3,
6,<lib.graphlib.GraphLib object at 0x0000015260CBE850>,80,0.1073007583618164,52,8.177757263183594e-05,80.0,0.001108407974243164,0.7853981633974483,0.39269908169872414,60.0,0.19470930099487305,40.8271484375,59.0,,0.3646559715270996,0.5593652725219727,4096.0,,,,,,4,
9,<lib.graphlib.GraphLib object at 0x000001524B6E7E80>,91,0.12636184692382812,58,0.00010132789611816406,91.0,0.022289514541625977,0.7613619289534408,0.3927103857748005,66.81739822680875,0.15201091766357422,48.687255859375,91.0,,0.36745405197143555,0.5194649696350098,4096.0,"<RuntimeJobV2('d45sc66jf4ms73ap4000', 'sampler')>",4.93886661529541,2.050528,59,6.98939461529541,0,7.972983897821374
9,<lib.graphlib.GraphLib object at 0x0000015249105680>,62,0.05423545837402344,56,0.00010204315185546875,62.0,0.010973691940307617,0.8908773072293393,0.39271895485717073,47.698490772849894,0.1241450309753418,25.205322265625,62.0,,0.2804083824157715,0.4045534133911133,4096.0,,,,,,1,
9,<lib.graphlib.GraphLib object at 0x0000015260975DB0>,87,0.10794639587402344,43,0.00014519691467285156,87.0,0.011554956436157227,0.7929261402394995,0.39265170971889796,62.22266004120311,0.18112778663635254,47.524169921875,87.0,,0.2921597957611084,0.47328758239746094,4096.0,,,,,,2,
9,<lib.graphlib.GraphLib object at 0x0000015256F29A90>,86,0.11198019981384277,56,0.00018453598022460938,86.0,0.015337228775024414,0.5686383506820185,0.3523518872521885,61.17239656311591,0.14677882194519043,50.298828125,86.0,,0.31299376487731934,0.45977258682250977,4096.0,,,,,,3,
9,<lib.graphlib.GraphLib object at 0x0000015262D6E9E0>,62,0.1020209789276123,62,0.00020766258239746094,62.0,0.016815185546875,0.5776403858198904,0.3250759025907586,48.2402693862043,0.11337065696716309,33.049072265625,62.0,,0.2813537120819092,0.39472436904907227,4096.0,,,,,,4,
12,<lib.graphlib.GraphLib object at 0x0000015222ECCAA0>,144,0.1268622875213623,105,0.000194549560546875,144.0,0.1469261646270752,0.6038006390775471,0.3653796506176053,104.97719602378251,0.1512312889099121,87.319580078125,144.0,,0.3525674343109131,0.5037987232208252,4096.0,"<RuntimeJobV2('d45sc7t63mfc73a7dd00', 'sampler')>",2.4768943786621094,2.08767,108,4.5645643786621095,0,10.192661056098864
12,<lib.graphlib.GraphLib object at 0x000001525F25A080>,157,0.09170317649841309,101,0.00025653839111328125,157.0,0.1254124641418457,0.5630105661610973,0.35543673882505716,119.61554315470723,0.13814473152160645,93.79541015625,156.0,,0.37004828453063965,0.5081930160522461,4096.0,,,,,,1,
12,<lib.graphlib.GraphLib object at 0x0000015255ED2F80>,197,0.09671783447265625,114,0.00020074844360351562,197.0,0.1788928508758545,0.4987661673328851,0.3560486488967254,141.89057914893624,0.1532607078552246,115.322998046875,197.0,,0.40630388259887695,0.5595645904541016,4096.0,,,,,,2,
12,<lib.graphlib.GraphLib object at 0x00000152594D0AA0>,218,0.10303163528442383,137,0.00019669532775878906,223.0,0.1698746681213379,0.47604510665209215,0.3326936150736083,159.70463324051346,0.3268551826477051,130.616943359375,223.0,,0.43700170516967773,0.7638568878173828,4096.0,,,,,,3,
12,<lib.graphlib.GraphLib object at 0x00000152594D0B90>,178,0.11435580253601074,130,0.0002460479736328125,178.0,0.13434505462646484,0.5637013750087285,0.3670713370194681,137.7223794113062,0.15324807167053223,106.942626953125,177.0,,0.5236508846282959,0.6768989562988281,4096.0,,,,,,4,
15,<lib.graphlib.GraphLib object at 0x000001524B6E4190>,281,0.14626455307006836,233,0.0004858970642089844,287.0,1.6055667400360107,0.47435910727766706,0.3578128070991733,227.83973844336836,0.21254372596740723,182.472900390625,287.0,,0.5349860191345215,0.7475297451019287,4096.0,"<RuntimeJobV2('d45scc563mfc73a7dd4g', 'sampler')>",8.771397829055786,2.033523,191,10.804920829055787,0,11.788397259497184
15,<lib.graphlib.GraphLib object at 0x0000015262BF2940>,267,0.2783701419830322,179,0.0014505386352539062,280.0,4.384206056594849,0.4745646174701834,0.3440852621025445,210.11447157487265,0.6918637752532959,166.45166015625,267.0,,0.9678349494934082,1.659698724746704,4096.0,,,,,,1,
15,<lib.graphlib.GraphLib object at 0x0000015249134820>,332,0.29195713996887207,248,0.0008990764617919922,332.0,3.716768980026245,0.42278106056727327,0.322995383490381,248.31361163465374,0.4075956344604492,208.272216796875,316.0,,0.7958979606628418,1.203493595123291,4096.0,,,,,,2,
15,<lib.graphlib.GraphLib object at 0x000001524B6F6710>,228,0.20443272590637207,154,0.001986265182495117,237.0,2.7587523460388184,0.5076781989897551,0.3449408976788052,178.48635540277985,0.33568310737609863,138.9931640625,224.0,,0.7495956420898438,1.0852787494659424,4096.0,,,,,,3,
15,<lib.graphlib.GraphLib object at 0x0000015255A80C80>,240,0.17181730270385742,159,0.00021004676818847656,242.0,1.7926204204559326,0.5153655244570853,0.3465851270743995,197.0420223249607,0.2292189598083496,164.361083984375,240.0,,0.569995641708374,0.7992146015167236,4096.0,,,,,,4,
18,<lib.graphlib.GraphLib object at 0x0000015222ECD810>,309,0.17364835739135742,187,0.0009162425994873047,328.0,23.560771703720093,0.44507279748763307,0.33887834409488343,241.3696619271687,0.3289473056793213,202.971923828125,317.0,,0.7487640380859375,1.0777113437652588,4096.0,"<RuntimeJobV2('d45sco9me48c73d7iggg', 'sampler')>",2.414024829864502,2.044389,165,4.458413829864502,0,11.96642827758683
18,<lib.graphlib.GraphLib object at 0x00000152641A66C0>,419,0.1699674129486084,340,0.0003962516784667969,486.0,21.898555755615234,0.40727859714755754,0.33859914187597784,342.5798524604219,0.4984447956085205,283.396240234375,429.0,,0.9665999412536621,1.4650447368621826,4096.0,,,,,,1,
18,<lib.graphlib.GraphLib object at 0x0000015255845770>,291,0.1644129753112793,235,0.0011355876922607422,305.0,19.992345571517944,0.4884297285576056,0.36126735644359603,236.0912174562884,0.28559422492980957,187.5712890625,298.0,,1.4125382900238037,1.6981325149536133,4096.0,,,,,,2,
18,<lib.graphlib.GraphLib object at 0x0000015225F8D9A0>,341,0.19316744804382324,268,0.0005030632019042969,353.0,21.14116644859314,0.4438982013065668,0.34515602291107683,272.2002804098503,0.34417128562927246,219.2900390625,340.0,,0.7980241775512695,1.142195463180542,4096.0,,,,,,3,
18,<lib.graphlib.GraphLib object at 0x000001526416AA30>,321,0.1841726303100586,296,0.0010645389556884766,340.0,19.32900905609131,0.4654480902598535,0.348176539414527,253.43452810919567,0.313831090927124,200.82275390625,319.0,,0.7957282066345215,1.1095592975616455,4096.0,,,,,,4,
21,<lib.graphlib.GraphLib object at 0x00000152641A4B40>,490,0.21207976341247559,405,0.0007951259613037109,,,0.39357839109590387,0.32607550972284294,412.6526883218722,0.48195886611938477,350.596435546875,493.0,,1.8232767581939697,2.3052356243133545,4096.0,"<RuntimeJobV2('d45sdghme48c73d7ih70', 'sampler')>",3.628485679626465,2.106526,390,5.735011679626465,0,11.995117187499996
21,<lib.graphlib.GraphLib object at 0x00000152640F66C0>,501,0.17162179946899414,468,0.0009737014770507812,,,0.38661113508893213,0.3317599547836683,427.5003744823079,0.428666353225708,364.14794921875,512.0,,2.0861496925354004,2.5148160457611084,4096.0,,,,,,1,
21,<lib.graphlib.GraphLib object at 0x00000152490E6E90>,464,0.24527788162231445,358,0.0011408329010009766,,,0.3948314779695047,0.3401334744100167,376.40902151794376,0.43358659744262695,311.04736328125,465.0,,1.8718674182891846,2.3054540157318115,4096.0,,,,,,2,
21,<lib.graphlib.GraphLib object at 0x0000015225F425D0>,534,0.21958422660827637,447,0.0006561279296875,,,0.3786706183692429,0.3199913378178484,449.2606451039056,0.48655152320861816,377.808349609375,556.0,,1.5530102252960205,2.0395617485046387,4096.0,,,,,,3,
21,<lib.graphlib.GraphLib object at 0x00000152490E7B10>,540,0.23990201950073242,476,0.0021085739135742188,,,0.3892140598851496,0.3290358900339889,437.09528965682466,0.5007097721099854,364.1025390625,524.0,,1.7087078094482422,2.2094175815582275,4096.0,,,,,,4,
24,<lib.graphlib.GraphLib object at 0x0000015262B8FCA0>,572,0.36817169189453125,468,0.0023000240325927734,,,0.38953622929168413,0.3346822244097012,457.5878584206745,0.5570743083953857,382.752685546875,543.0,,7.7964770793914795,8.353551387786865,4096.0,"<RuntimeJobV2('d45sdmmjf4ms73ap41eg', 'sampler')>",3.287283182144165,2.093668,372,5.380951182144165,0,11.999999999999996
24,<lib.graphlib.GraphLib object at 0x00000152640F45F0>,439,0.26102423667907715,395,0.002100229263305664,,,0.41683312256974164,0.34580273775575615,364.10536405445123,0.5087149143218994,304.080322265625,436.0,,7.316709041595459,7.825423955917358,4096.0,,,,,,1,
24,<lib.graphlib.GraphLib object at 0x0000015255ED9E00>,648,0.4312014579772949,556,0.0020554065704345703,,,0.3660363859642815,0.3312226660239711,552.1504234685099,0.6083130836486816,469.546142578125,660.0,,7.593322515487671,8.201635599136353,4096.0,,,,,,2,
24,<lib.graphlib.GraphLib object at 0x00000152640F63A0>,544,0.40013694763183594,466,0.0018696784973144531,,,0.3744786571773505,0.3397626311796534,466.3034014750592,0.6058557033538818,392.58056640625,546.0,,8.427050352096558,9.03290605545044,4096.0,,,,,,3,
24,<lib.graphlib.GraphLib object at 0x000001525534E120>,648,0.30120253562927246,560,0.0024335384368896484,,,0.3639716514704725,0.3282735208183048,542.2927742182234,0.6738066673278809,459.810791015625,621.0,,7.217544078826904,7.891350746154785,4096.0,,,,,,4,
27,<lib.graphlib.GraphLib object at 0x000001525F719950>,648,0.3262667655944824,501,0.001768350601196289,,,0.36906647162534567,0.34618373948542003,569.9665005624057,0.7358527183532715,476.35205078125,687.0,,67.47897410392761,68.21482682228088,4096.0,"<RuntimeJobV2('d45seiujf4ms73ap42b0', 'sampler')>",6.069556474685669,2.107032,535,8.17658847468567,0,11.999999999999996
27,<lib.graphlib.GraphLib object at 0x0000015262746300>,750,0.5352077484130859,649,0.004900693893432617,,,0.33998019257620266,0.32393254533817006,636.5078069222501,1.0334749221801758,551.322509765625,750.0,,66.5678939819336,67.60136890411377,4096.0,,,,,,1,
27,<lib.graphlib.GraphLib object at 0x0000015257686210>,707,0.3488757610321045,608,0.0038080215454101562,,,0.37684496469121476,0.3469663675180871,610.0593302372702,0.7449512481689453,511.52392578125,723.0,,84.96608924865723,85.71104049682617,4096.0,,,,,,2,
27,<lib.graphlib.GraphLib object at 0x0000015260B2D900>,734,1.6402840614318848,551,0.012807369232177734,,,0.3659649983588796,0.3466765792090531,623.1946162971439,3.1651082038879395,526.128173828125,717.0,,97.99282670021057,101.15793490409851,4096.0,,,,,,3,
27,<lib.graphlib.GraphLib object at 0x00000152635B3ED0>,713,0.70635986328125,635,0.002119302749633789,,,0.3643117341665194,0.33688878339843836,612.6276995590878,0.9497759342193604,518.54052734375,714.0,,81.60872983932495,82.55850577354431,4096.0,,,,,,4,
30,<lib.graphlib.GraphLib object at 0x0000015262BF01E0>,936,0.5794448852539062,840,0.0028727054595947266,,,,,,,,,,,,,"<RuntimeJobV2('d45sh9en7jjs73bt1jhg', 'sampler')>",3.225675344467163,2.180443,744,5.406118344467163,0,11.999999999999996
30,<lib.graphlib.GraphLib object at 0x00000152635BDEA0>,901,0.41123151779174805,909,0.004610538482666016,,,,,,,,,,,,,,,,,,1,
30,<lib.graphlib.GraphLib object at 0x00000152635BEDA0>,776,0.2516655921936035,634,0.004922628402709961,,,,,,,,,,,,,,,,,,2,
30,<lib.graphlib.GraphLib object at 0x00000152635BE260>,923,0.45193958282470703,821,0.004470348358154297,,,,,,,,,,,,,,,,,,3,
30,<lib.graphlib.GraphLib object at 0x00000152635BCFA0>,941,0.5528156757354736,778,0.0054781436920166016,,,,,,,,,,,,,,,,,,4,
33,<lib.graphlib.GraphLib object at 0x00000152635BE940>,1111,1.0886077880859375,946,0.011088848114013672,,,,,,,,,,,,,"<RuntimeJobV2('d45shdejf4ms73ap44ug', 'sampler')>",10.68700122833252,2.195076,808,12.88207722833252,0,11.999999999999996
33,<lib.graphlib.GraphLib object at 0x00000152635BC5F0>,1196,1.5187749862670898,1076,0.014687538146972656,,,,,,,,,,,,,,,,,,1,
33,<lib.graphlib.GraphLib object at 0x00000152635BCC30>,1020,0.9699990749359131,960,0.007393598556518555,,,,,,,,,,,,,,,,,,2,
33,<lib.graphlib.GraphLib object at 0x000001524B6C6D50>,1091,0.7220802307128906,941,0.006058216094970703,,,,,,,,,,,,,,,,,,3,
33,<lib.graphlib.GraphLib object at 0x00000152635BCA00>,1041,0.8898756504058838,888,0.01521611213684082,,,,,,,,,,,,,,,,,,4,
36,<lib.graphlib.GraphLib object at 0x00000152635BFC00>,1231,1.241098403930664,1118,0.011012554168701172,,,,,,,,,,,,,"<RuntimeJobV2('d45shi6n7jjs73bt1jqg', 'sampler')>",11.457767724990845,2.242759,1048,13.700526724990844,0,11.999999999999996
36,<lib.graphlib.GraphLib object at 0x0000015263D24A00>,1241,1.4920051097869873,940,0.021846294403076172,,,,,,,,,,,,,,,,,,1,
36,<lib.graphlib.GraphLib object at 0x00000152635BE440>,1365,1.8054428100585938,1306,0.006232500076293945,,,,,,,,,,,,,,,,,,2,
36,<lib.graphlib.GraphLib object at 0x00000152635B3250>,1262,1.1092331409454346,1102,0.010130882263183594,,,,,,,,,,,,,,,,,,3,
36,<lib.graphlib.GraphLib object at 0x00000152635B3F70>,1366,0.9207439422607422,1218,0.0177915096282959,,,,,,,,,,,,,,,,,,4,
39,<lib.graphlib.GraphLib object at 0x00000152635B16D0>,1343,1.004579782485962,1096,0.014203071594238281,,,,,,,,,,,,,"<RuntimeJobV2('d45shm1me48c73d7ilbg', 'sampler')>",7.515698671340942,2.18745,1071,9.703148671340942,0,11.999999999999996
39,<lib.graphlib.GraphLib object at 0x0000015263D245F0>,1561,1.2427411079406738,1321,0.020272254943847656,,,,,,,,,,,,,,,,,,1,
39,<lib.graphlib.GraphLib object at 0x00000152635B1CC0>,1426,0.969951868057251,1237,0.01990795135498047,,,,,,,,,,,,,,,,,,2,
39,<lib.graphlib.GraphLib object at 0x0000015263D25130>,1375,1.0056483745574951,1185,0.015846729278564453,,,,,,,,,,,,,,,,,,3,
39,<lib.graphlib.GraphLib object at 0x00000152635BCFF0>,1626,1.3018438816070557,1458,0.01845574378967285,,,,,,,,,,,,,,,,,,4,
42,<lib.graphlib.GraphLib object at 0x0000015263D260D0>,1574,1.0420448780059814,1475,0.02460312843322754,,,,,,,,,,,,,"<RuntimeJobV2('d45shq6jf4ms73ap45ag', 'sampler')>",8.981741666793823,2.2361,1258,11.217841666793824,0,11.999999999999996
42,<lib.graphlib.GraphLib object at 0x0000015263D25EA0>,1707,1.2753465175628662,1480,0.022171497344970703,,,,,,,,,,,,,,,,,,1,
42,<lib.graphlib.GraphLib object at 0x0000015263CE9E00>,1706,1.186535358428955,1399,0.013649702072143555,,,,,,,,,,,,,,,,,,2,
42,<lib.graphlib.GraphLib object at 0x0000015263CE9D60>,1654,1.2663652896881104,1413,0.018178462982177734,,,,,,,,,,,,,,,,,,3,
42,<lib.graphlib.GraphLib object at 0x0000015263582A30>,1655,0.9482953548431396,1432,0.022203922271728516,,,,,,,,,,,,,,,,,,4,
45,<lib.graphlib.GraphLib object at 0x00000152635B3A70>,1975,1.4856791496276855,1798,0.02202129364013672,,,,,,,,,,,,,"<RuntimeJobV2('d45shuujf4ms73ap45gg', 'sampler')>",10.35688042640686,2.254681,1694,12.61156142640686,0,11.999999999999996
45,<lib.graphlib.GraphLib object at 0x0000015263D25680>,1840,0.5312597751617432,1751,0.013811349868774414,,,,,,,,,,,,,,,,,,1,
45,<lib.graphlib.GraphLib object at 0x0000015263CEB7A0>,1953,0.7061469554901123,1748,0.018121719360351562,,,,,,,,,,,,,,,,,,2,
45,<lib.graphlib.GraphLib object at 0x0000015262B0F1B0>,1957,0.7100353240966797,1950,0.015684127807617188,,,,,,,,,,,,,,,,,,3,
45,<lib.graphlib.GraphLib object at 0x0000015262B0E850>,1825,0.661135196685791,1730,0.0066394805908203125,,,,,,,,,,,,,,,,,,4,
48,<lib.graphlib.GraphLib object at 0x00000152635BD400>,2369,0.8601887226104736,1997,0.020017385482788086,,,,,,,,,,,,,"<RuntimeJobV2('d45si1mn7jjs73bt1k9g', 'sampler')>",5.924776792526245,2.311486,1882,8.236262792526245,0,11.999999999999996
48,<lib.graphlib.GraphLib object at 0x00000152627871B0>,1975,0.5662291049957275,1692,0.013989925384521484,,,,,,,,,,,,,,,,,,1,
48,<lib.graphlib.GraphLib object at 0x0000015263CE8D20>,2004,0.7135653495788574,1875,0.012212276458740234,,,,,,,,,,,,,,,,,,2,
48,<lib.graphlib.GraphLib object at 0x00000152635BF6B0>,2246,1.1161870956420898,2103,0.026330232620239258,,,,,,,,,,,,,,,,,,3,
48,<lib.graphlib.GraphLib object at 0x0000015262BAF7F0>,2140,0.7402210235595703,1889,0.011264324188232422,,,,,,,,,,,,,,,,,,4,
51,<lib.graphlib.GraphLib object at 0x0000015262BAE300>,2305,0.9063150882720947,2141,0.02051711082458496,,,,,,,,,,,,,"<RuntimeJobV2('d45si4un7jjs73bt1kd0', 'sampler')>",6.580904722213745,2.325039,1995,8.905943722213745,0,11.999999999999996
51,<lib.graphlib.GraphLib object at 0x0000015262BAFD40>,2514,0.6609771251678467,2299,0.01965022087097168,,,,,,,,,,,,,,,,,,1,
51,<lib.graphlib.GraphLib object at 0x0000015263CEB020>,2515,0.8310697078704834,2352,0.015596151351928711,,,,,,,,,,,,,,,,,,2,
51,<lib.graphlib.GraphLib object at 0x0000015263D27980>,2381,0.7972099781036377,2276,0.016476869583129883,,,,,,,,,,,,,,,,,,3,
51,<lib.graphlib.GraphLib object at 0x0000015263D27F70>,2405,0.8415048122406006,2232,0.014773368835449219,,,,,,,,,,,,,,,,,,4,
54,<lib.graphlib.GraphLib object at 0x0000015263D25310>,2878,0.906069278717041,2648,0.01989603042602539,,,,,,,,,,,,,"<RuntimeJobV2('d45si8563mfc73a7dik0', 'sampler')>",7.542678117752075,2.412026,2292,9.954704117752076,0,11.999999999999996
54,<lib.graphlib.GraphLib object at 0x0000015262BAE6C0>,2797,0.676837682723999,2574,0.022187232971191406,,,,,,,,,,,,,,,,,,1,
54,<lib.graphlib.GraphLib object at 0x0000015262BAE850>,2626,0.7255551815032959,2624,0.017438888549804688,,,,,,,,,,,,,,,,,,2,
54,<lib.graphlib.GraphLib object at 0x0000015262B0C0A0>,2659,0.8948245048522949,2486,0.018265962600708008,,,,,,,,,,,,,,,,,,3,
54,<lib.graphlib.GraphLib object at 0x0000015262B0F930>,2694,0.8074235916137695,2523,0.02806234359741211,,,,,,,,,,,,,,,,,,4,
57,<lib.graphlib.GraphLib object at 0x0000015262B0E6C0>,3021,0.9066817760467529,2747,0.03305935859680176,,,,,,,,,,,,,"<RuntimeJobV2('d45sibl63mfc73a7dio0', 'sampler')>",7.695635795593262,2.395073,2451,10.090708795593262,0,11.999999999999996
57,<lib.graphlib.GraphLib object at 0x00000152635BD720>,2841,0.8822834491729736,2523,0.016276121139526367,,,,,,,,,,,,,,,,,,1,
57,<lib.graphlib.GraphLib object at 0x00000152629B1E00>,2907,1.0372164249420166,2519,0.0240786075592041,,,,,,,,,,,,,,,,,,2,
57,<lib.graphlib.GraphLib object at 0x0000015263D243C0>,2724,0.9032890796661377,2656,0.02533411979675293,,,,,,,,,,,,,,,,,,3,
57,<lib.graphlib.GraphLib object at 0x0000015263D24AA0>,2888,1.0285234451293945,2797,0.04122328758239746,,,,,,,,,,,,,,,,,,4,
60,<lib.graphlib.GraphLib object at 0x0000015263D277A0>,3271,1.0588624477386475,3123,0.052567243576049805,,,,,,,,,,,,,"<RuntimeJobV2('d45sift63mfc73a7dirg', 'sampler')>",9.637417554855347,2.464066,2737,12.101483554855346,0,11.999999999999996
60,<lib.graphlib.GraphLib object at 0x00000152635B3390>,3350,1.0924217700958252,3163,0.05670166015625,,,,,,,,,,,,,,,,,,1,
60,<lib.graphlib.GraphLib object at 0x00000152635B3020>,3225,1.26300048828125,2915,0.04157829284667969,,,,,,,,,,,,,,,,,,2,
60,<lib.graphlib.GraphLib object at 0x0000015263D24C30>,3222,1.195584774017334,2934,0.0243222713470459,,,,,,,,,,,,,,,,,,3,
60,<lib.graphlib.GraphLib object at 0x00000152629B1540>,3220,1.111051321029663,2937,0.06625962257385254,,,,,,,,,,,,,,,,,,4,
63,<lib.graphlib.GraphLib object at 0x00000152629B05F0>,3746,1.5498683452606201,3555,0.027324438095092773,,,,,,,,,,,,,"<RuntimeJobV2('d45sik6jf4ms73ap4660', 'sampler')>",9.465471744537354,2.434336,3318,11.899807744537354,0,11.999999999999996
63,<lib.graphlib.GraphLib object at 0x0000015262787110>,3657,1.1526846885681152,3308,0.04793190956115723,,,,,,,,,,,,,,,,,,1,
63,<lib.graphlib.GraphLib object at 0x00000152629B3390>,3250,1.24037504196167,3055,0.0403439998626709,,,,,,,,,,,,,,,,,,2,
63,<lib.graphlib.GraphLib object at 0x0000015263D26BC0>,3537,1.2595453262329102,3291,0.04477858543395996,,,,,,,,,,,,,,,,,,3,
63,<lib.graphlib.GraphLib object at 0x00000152629B2AD0>,3606,1.2773957252502441,3152,0.04760599136352539,,,,,,,,,,,,,,,,,,4,
66,<lib.graphlib.GraphLib object at 0x0000015262BF3D40>,3704,1.435218334197998,3439,0.043729543685913086,,,,,,,,,,,,,"<RuntimeJobV2('d45siol63mfc73a7dj50', 'sampler')>",9.61197304725647,2.705897,3087,12.31787004725647,0,11.999999999999996
66,<lib.graphlib.GraphLib object at 0x00000152635B2DF0>,3622,1.0643210411071777,3381,0.0449371337890625,,,,,,,,,,,,,,,,,,1,
66,<lib.graphlib.GraphLib object at 0x00000152629B1E50>,3645,1.2746469974517822,3490,0.06313228607177734,,,,,,,,,,,,,,,,,,2,
66,<lib.graphlib.GraphLib object at 0x00000152627849B0>,3965,1.320732593536377,3743,0.059622764587402344,,,,,,,,,,,,,,,,,,3,
66,<lib.graphlib.GraphLib object at 0x0000015262787340>,4049,1.4491362571716309,3706,0.0390317440032959,,,,,,,,,,,,,,,,,,4,
69,<lib.graphlib.GraphLib object at 0x0000015262787F70>,4109,1.4805870056152344,3776,0.052594661712646484,,,,,,,,,,,,,"<RuntimeJobV2('d45sitmjf4ms73ap46fg', 'sampler')>",10.639535427093506,2.531967,2827,13.171502427093506,0,11.999999999999996
69,<lib.graphlib.GraphLib object at 0x0000015262CB72A0>,4144,1.787363052368164,3788,0.06453061103820801,,,,,,,,,,,,,,,,,,1,
69,<lib.graphlib.GraphLib object at 0x00000152627876B0>,4212,1.4269652366638184,3923,0.05062389373779297,,,,,,,,,,,,,,,,,,2,
69,<lib.graphlib.GraphLib object at 0x00000152635B07D0>,4238,1.5357027053833008,3592,0.05074667930603027,,,,,,,,,,,,,,,,,,3,
69,<lib.graphlib.GraphLib object at 0x0000015262BAE210>,4282,1.5313622951507568,4006,0.04468226432800293,,,,,,,,,,,,,,,,,,4,
72,<lib.graphlib.GraphLib object at 0x0000015262BAE580>,4808,1.737553596496582,4599,0.07092905044555664,,,,,,,,,,,,,"<RuntimeJobV2('d45sj36jf4ms73ap46l0', 'sampler')>",12.666459560394287,2.598474,4072,15.264933560394287,0,11.999999999999996
72,<lib.graphlib.GraphLib object at 0x00000152627866C0>,4496,1.5010268688201904,4192,0.07523298263549805,,,,,,,,,,,,,,,,,,1,
72,<lib.graphlib.GraphLib object at 0x00000152629B15E0>,4551,1.5495693683624268,4157,0.05698895454406738,,,,,,,,,,,,,,,,,,2,
72,<lib.graphlib.GraphLib object at 0x0000015262BAC3C0>,4766,1.6441102027893066,4445,0.08172845840454102,,,,,,,,,,,,,,,,,,3,
72,<lib.graphlib.GraphLib object at 0x0000015262BF0E60>,4787,1.8162305355072021,4353,0.04463005065917969,,,,,,,,,,,,,,,,,,4,
75,<lib.graphlib.GraphLib object at 0x0000015262BF0D70>,4909,1.7757174968719482,4593,0.06243586540222168,,,,,,,,,,,,,"<RuntimeJobV2('d45sj91me48c73d7imt0', 'sampler')>",13.353531837463379,2.535892,4049,15.88942383746338,0,11.999999999999996
75,<lib.graphlib.GraphLib object at 0x0000015262784A00>,4974,1.3509860038757324,4336,0.08348250389099121,,,,,,,,,,,,,,,,,,1,
75,<lib.graphlib.GraphLib object at 0x0000015262786850>,4725,1.5200080871582031,4298,0.08324503898620605,,,,,,,,,,,,,,,,,,2,
75,<lib.graphlib.GraphLib object at 0x00000152635B29E0>,4670,1.5056626796722412,4442,0.07788324356079102,,,,,,,,,,,,,,,,,,3,
75,<lib.graphlib.GraphLib object at 0x0000015262BAD630>,5085,1.5619378089904785,4625,0.047736167907714844,,,,,,,,,,,,,,,,,,4,
78,<lib.graphlib.GraphLib object at 0x0000015262BACFA0>,5466,2.370833158493042,5206,0.10237240791320801,,,,,,,,,,,,,"<RuntimeJobV2('d45sjfhme48c73d7in3g', 'sampler')>",15.09285306930542,2.69644,4236,17.78929306930542,0,11.999999999999996
78,<lib.graphlib.GraphLib object at 0x0000015262BAEE40>,5350,1.8710894584655762,5129,0.11192822456359863,,,,,,,,,,,,,,,,,,1,
78,<lib.graphlib.GraphLib object at 0x0000015263CE9450>,5326,1.8976092338562012,5271,0.10519623756408691,,,,,,,,,,,,,,,,,,2,
78,<lib.graphlib.GraphLib object at 0x0000015262BF00A0>,5043,1.95170259475708,4675,0.1374499797821045,,,,,,,,,,,,,,,,,,3,
78,<lib.graphlib.GraphLib object at 0x0000015262BF0910>,5376,1.9238405227661133,4979,0.10363626480102539,,,,,,,,,,,,,,,,,,4,
81,<lib.graphlib.GraphLib object at 0x0000015262BF1C70>,5626,2.084418773651123,5303,0.12225818634033203,,,,,,,,,,,,,"<RuntimeJobV2('d45sjmpme48c73d7inc0', 'sampler')>",17.255544424057007,2.616035,4868,19.871579424057007,0,11.999999999999996
81,<lib.graphlib.GraphLib object at 0x000001525F752210>,5583,2.1359550952911377,5377,0.08847737312316895,,,,,,,,,,,,,,,,,,1,
81,<lib.graphlib.GraphLib object at 0x000001525F7507D0>,5709,2.5451982021331787,5465,0.09459185600280762,,,,,,,,,,,,,,,,,,2,
81,<lib.graphlib.GraphLib object at 0x000001525F750870>,5937,2.121335744857788,5670,0.07989954948425293,,,,,,,,,,,,,,,,,,3,
81,<lib.graphlib.GraphLib object at 0x000001525F751AE0>,5687,1.9362361431121826,5399,0.0782933235168457,,,,,,,,,,,,,,,,,,4,
84,<lib.graphlib.GraphLib object at 0x000001525F7511D0>,6236,2.1625263690948486,5756,0.09165596961975098,,,,,,,,,,,,,"<RuntimeJobV2('d45sjvl63mfc73a7dkcg', 'sampler')>",22.275254487991333,2.788641,5261,25.06389548799133,0,11.999999999999996
84,<lib.graphlib.GraphLib object at 0x0000015262CB75C0>,6271,1.9478306770324707,5738,0.09369492530822754,,,,,,,,,,,,,,,,,,1,
84,<lib.graphlib.GraphLib object at 0x0000015262B99A90>,6227,2.85420823097229,5890,0.06681132316589355,,,,,,,,,,,,,,,,,,2,
84,<lib.graphlib.GraphLib object at 0x000001525F751EA0>,6452,2.215834856033325,6193,0.14299774169921875,,,,,,,,,,,,,,,,,,3,
84,<lib.graphlib.GraphLib object at 0x0000015263D279D0>,6061,2.2199089527130127,5720,0.14668035507202148,,,,,,,,,,,,,,,,,,4,
87,<lib.graphlib.GraphLib object at 0x0000015262786B20>,6683,2.4466779232025146,6033,0.09943699836730957,,,,,,,,,,,,,"<RuntimeJobV2('d45sk8hme48c73d7inu0', 'sampler')>",21.330265045166016,2.74412,5655,24.074385045166014,0,11.999999999999996
87,<lib.graphlib.GraphLib object at 0x0000015262BAF2A0>,6619,5.225705623626709,6254,0.22330260276794434,,,,,,,,,,,,,,,,,,1,
87,<lib.graphlib.GraphLib object at 0x00000152629B3B60>,6696,3.9974141120910645,6477,0.31670117378234863,,,,,,,,,,,,,,,,,,2,
87,<lib.graphlib.GraphLib object at 0x00000152627878E0>,6726,4.272099494934082,6157,0.11852240562438965,,,,,,,,,,,,,,,,,,3,
87,<lib.graphlib.GraphLib object at 0x0000015263CE8730>,6816,3.5608551502227783,6753,0.14058446884155273,,,,,,,,,,,,,,,,,,4,
90,<lib.graphlib.GraphLib object at 0x0000015263CE8F50>,6869,2.30003023147583,6584,0.12014436721801758,,,,,,,,,,,,,"<RuntimeJobV2('d45skjujf4ms73ap4870', 'sampler')>",21.55020308494568,3.100301,5340,24.65050408494568,0,11.999999999999996
90,<lib.graphlib.GraphLib object at 0x0000015262746AD0>,6950,2.7378265857696533,6641,0.21338295936584473,,,,,,,,,,,,,,,,,,1,
90,<lib.graphlib.GraphLib object at 0x0000015263D27570>,7096,2.590897798538208,6714,0.204451322555542,,,,,,,,,,,,,,,,,,2,
90,<lib.graphlib.GraphLib object at 0x0000015263D27B60>,6921,2.6317660808563232,6645,0.18172383308410645,,,,,,,,,,,,,,,,,,3,
90,<lib.graphlib.GraphLib object at 0x0000015263D24D70>,6682,2.620267152786255,6459,0.20257925987243652,,,,,,,,,,,,,,,,,,4,
93,<lib.graphlib.GraphLib object at 0x0000015263D26080>,7233,3.0217082500457764,6848,0.1064915657043457,,,,,,,,,,,,,"<RuntimeJobV2('d45skt9me48c73d7ioj0', 'sampler')>",22.122523069381714,2.951253,6457,25.073776069381715,0,11.999999999999996
93,<lib.graphlib.GraphLib object at 0x0000015262CB45F0>,7333,2.1921441555023193,7035,0.1352531909942627,,,,,,,,,,,,,,,,,,1,
93,<lib.graphlib.GraphLib object at 0x00000152635B0550>,7681,2.826625108718872,7688,0.17795610427856445,,,,,,,,,,,,,,,,,,2,
93,<lib.graphlib.GraphLib object at 0x0000015262785450>,7776,2.4513328075408936,7558,0.16142964363098145,,,,,,,,,,,,,,,,,,3,
93,<lib.graphlib.GraphLib object at 0x00000152635BF750>,7604,2.5414085388183594,7379,0.15707850456237793,,,,,,,,,,,,,,,,,,4,
96,<lib.graphlib.GraphLib object at 0x0000015262BAD1D0>,7895,2.6220295429229736,7470,0.16912174224853516,,,,,,,,,,,,,"<RuntimeJobV2('d45sl9pme48c73d7ip10', 'sampler')>",33.8517644405365,2.892263,6157,36.7440274405365,0,11.999999999999996
96,<lib.graphlib.GraphLib object at 0x00000152635BFCA0>,7896,3.3188016414642334,7667,0.3397533893585205,,,,,,,,,,,,,,,,,,1,
96,<lib.graphlib.GraphLib object at 0x0000015262BADF40>,7937,3.956920623779297,7353,0.3880934715270996,,,,,,,,,,,,,,,,,,2,
96,<lib.graphlib.GraphLib object at 0x0000015263CEAF30>,8171,2.7396082878112793,7874,0.24867630004882812,,,,,,,,,,,,,,,,,,3,
96,<lib.graphlib.GraphLib object at 0x0000015263D26300>,7751,2.6454622745513916,7384,0.19018959999084473,,,,,,,,,,,,,,,,,,4,
99,<lib.graphlib.GraphLib object at 0x0000015263D259F0>,7948,2.5613389015197754,7777,0.1867077350616455,,,,,,,,,,,,,"<RuntimeJobV2('d45slkpme48c73d7ipcg', 'sampler')>",25.216262578964233,3.09286,5979,28.309122578964235,0,11.999999999999996
99,<lib.graphlib.GraphLib object at 0x0000015263D25770>,8493,2.802370309829712,7713,0.11537599563598633,,,,,,,,,,,,,,,,,,1,
99,<lib.graphlib.GraphLib object at 0x0000015262785AE0>,8247,3.1768219470977783,8010,0.15068554878234863,,,,,,,,,,,,,,,,,,2,
99,<lib.graphlib.GraphLib object at 0x00000152629B0E60>,8501,3.1905198097229004,7798,0.23541259765625,,,,,,,,,,,,,,,,,,3,
99,<lib.graphlib.GraphLib object at 0x00000152627847D0>,8425,4.586641788482666,8170,0.3780858516693115,,,,,,,,,,,,,,,,,,4,
102,<lib.graphlib.GraphLib object at 0x0000015262785590>,8742,2.7432138919830322,8658,0.26923608779907227,,,,,,,,,,,,,"<RuntimeJobV2('d45slvpme48c73d7ipp0', 'sampler')>",24.86925435066223,2.964233,7342,27.83348735066223,0,11.999999999999996
102,<lib.graphlib.GraphLib object at 0x0000015262746EE0>,8873,2.786903142929077,8423,0.16379976272583008,,,,,,,,,,,,,,,,,,1,
102,<lib.graphlib.GraphLib object at 0x0000015262785DB0>,8609,2.765352249145508,8137,0.35713720321655273,,,,,,,,,,,,,,,,,,2,
102,<lib.graphlib.GraphLib object at 0x0000015263CE9720>,8612,2.79413104057312,8182,0.13957929611206055,,,,,,,,,,,,,,,,,,3,
102,<lib.graphlib.GraphLib object at 0x0000015263CE9220>,8682,3.3326497077941895,8525,0.24786663055419922,,,,,,,,,,,,,,,,,,4,
105,<lib.graphlib.GraphLib object at 0x0000015263CE9680>,9466,3.8780078887939453,8989,0.23843693733215332,,,,,,,,,,,,,"<RuntimeJobV2('d45smbhme48c73d7iq50', 'sampler')>",28.48656129837036,2.993482,6564,31.48004329837036,0,11.999999999999996
105,<lib.graphlib.GraphLib object at 0x00000152635BE210>,9466,3.1912405490875244,8780,0.27815699577331543,,,,,,,,,,,,,,,,,,1,
105,<lib.graphlib.GraphLib object at 0x0000015262786A30>,9164,3.3966691493988037,9004,0.16806721687316895,,,,,,,,,,,,,,,,,,2,
105,<lib.graphlib.GraphLib object at 0x0000015262CB6DF0>,9320,3.3548965454101562,9084,0.23955225944519043,,,,,,,,,,,,,,,,,,3,
105,<lib.graphlib.GraphLib object at 0x0000015262CB5590>,9319,3.500786066055298,9009,0.1480724811553955,,,,,,,,,,,,,,,,,,4,
108,<lib.graphlib.GraphLib object at 0x0000015262CB7610>,9594,3.1284167766571045,9546,0.23768830299377441,,,,,,,,,,,,,"<RuntimeJobV2('d45smo9me48c73d7iqjg', 'sampler')>",31.360053539276123,3.13791,5852,34.49796353927612,0,11.999999999999996
108,<lib.graphlib.GraphLib object at 0x00000152627466C0>,9639,3.415433883666992,9494,0.25364208221435547,,,,,,,,,,,,,,,,,,1,
108,<lib.graphlib.GraphLib object at 0x0000015262784FA0>,10563,3.841470956802368,10146,0.21502470970153809,,,,,,,,,,,,,,,,,,2,
108,<lib.graphlib.GraphLib object at 0x0000015262786580>,9694,3.601090431213379,9240,0.49693822860717773,,,,,,,,,,,,,,,,,,3,
108,<lib.graphlib.GraphLib object at 0x0000015263581A90>,9600,3.5405995845794678,9057,0.24449467658996582,,,,,,,,,,,,,,,,,,4,
111,<lib.graphlib.GraphLib object at 0x0000015263581A40>,10607,3.8768372535705566,10455,0.41757941246032715,,,,,,,,,,,,,"<RuntimeJobV2('d45sn6en7jjs73bt1pag', 'sampler')>",33.29491329193115,3.179653,8442,36.474566291931154,0,11.999999999999996
111,<lib.graphlib.GraphLib object at 0x0000015262BACA50>,10582,3.829883098602295,10136,0.44432759284973145,,,,,,,,,,,,,,,,,,1,
111,<lib.graphlib.GraphLib object at 0x0000015262BF3890>,10163,3.7268898487091064,9652,0.29963111877441406,,,,,,,,,,,,,,,,,,2,
111,<lib.graphlib.GraphLib object at 0x00000152627441E0>,10357,3.7382254600524902,9651,0.21972012519836426,,,,,,,,,,,,,,,,,,3,
111,<lib.graphlib.GraphLib object at 0x0000015262747390>,10352,3.7589118480682373,9614,0.3442192077636719,,,,,,,,,,,,,,,,,,4,
114,<lib.graphlib.GraphLib object at 0x00000152627478E0>,10970,4.07161808013916,10805,0.3548135757446289,,,,,,,,,,,,,"<RuntimeJobV2('d45snken7jjs73bt1pq0', 'sampler')>",33.60357856750488,3.886205,8961,37.48978356750488,0,11.999999999999996
114,<lib.graphlib.GraphLib object at 0x0000015263CE8BE0>,10689,4.098556756973267,10299,0.428119421005249,,,,,,,,,,,,,,,,,,1,
114,<lib.graphlib.GraphLib object at 0x00000152629B0AA0>,11231,4.068926095962524,10481,0.43019723892211914,,,,,,,,,,,,,,,,,,2,
114,<lib.graphlib.GraphLib object at 0x00000152629B0230>,11041,3.9174954891204834,10473,0.25646448135375977,,,,,,,,,,,,,,,,,,3,
114,<lib.graphlib.GraphLib object at 0x00000152635BCEB0>,11224,4.257734537124634,11047,0.2202138900756836,,,,,,,,,,,,,,,,,,4,
117,<lib.graphlib.GraphLib object at 0x00000152635BC2D0>,11556,4.042582750320435,10923,0.39257216453552246,,,,,,,,,,,,,"<RuntimeJobV2('d45so3d63mfc73a7doo0', 'sampler')>",36.26169514656067,3.307058,10059,39.56875314656067,0,11.999999999999996
117,<lib.graphlib.GraphLib object at 0x0000015262BAC5F0>,11468,3.6474668979644775,11524,0.3729684352874756,,,,,,,,,,,,,,,,,,1,
117,<lib.graphlib.GraphLib object at 0x00000152629B2210>,11612,4.148158311843872,11221,0.39639782905578613,,,,,,,,,,,,,,,,,,2,
117,<lib.graphlib.GraphLib object at 0x0000015262744EB0>,11730,3.692075252532959,11151,0.4815554618835449,,,,,,,,,,,,,,,,,,3,
117,<lib.graphlib.GraphLib object at 0x0000015262745540>,11548,3.807860851287842,11210,0.45389842987060547,,,,,,,,,,,,,,,,,,4,
120,<lib.graphlib.GraphLib object at 0x0000015262745F90>,12347,4.2810704708099365,11693,0.4572291374206543,,,,,,,,,,,,,"<RuntimeJobV2('d45soiun7jjs73bt1qn0', 'sampler')>",38.22250270843506,3.423954,10638,41.64645670843506,0,11.999999999999996
120,<lib.graphlib.GraphLib object at 0x0000015263CE9B80>,12141,3.548696279525757,11779,0.45528674125671387,,,,,,,,,,,,,,,,,,1,
120,<lib.graphlib.GraphLib object at 0x00000152635BD4A0>,12166,3.7881481647491455,11541,0.38462233543395996,,,,,,,,,,,,,,,,,,2,
120,<lib.graphlib.GraphLib object at 0x00000152629B32A0>,12098,4.103243589401245,11638,0.29270315170288086,,,,,,,,,,,,,,,,,,3,
120,<lib.graphlib.GraphLib object at 0x00000152629B1DB0>,12250,3.88655424118042,12180,0.38727307319641113,,,,,,,,,,,,,,,,,,4,
123,<lib.graphlib.GraphLib object at 0x00000152629B3ED0>,12815,4.566246747970581,12081,0.6673488616943359,,,,,,,,,,,,,"<RuntimeJobV2('d45sp36n7jjs73bt1r70', 'sampler')>",40.72826838493347,3.370837,10481,44.09910538493347,0,11.999999999999996
123,<lib.graphlib.GraphLib object at 0x00000152629B2DF0>,13274,4.239424467086792,12998,0.5318326950073242,,,,,,,,,,,,,,,,,,1,
123,<lib.graphlib.GraphLib object at 0x0000015262BF2300>,12204,4.019817590713501,11818,0.4070851802825928,,,,,,,,,,,,,,,,,,2,
123,<lib.graphlib.GraphLib object at 0x00000152627442D0>,13102,4.338110446929932,12797,0.40192389488220215,,,,,,,,,,,,,,,,,,3,
123,<lib.graphlib.GraphLib object at 0x0000015262747840>,13070,10.200080156326294,13140,2.1813271045684814,,,,,,,,,,,,,,,,,,4,
126,<lib.graphlib.GraphLib object at 0x00000152627445A0>,13616,10.865317344665527,12901,0.6815409660339355,,,,,,,,,,,,,"<RuntimeJobV2('d45sptt63mfc73a7dqgg', 'sampler')>",66.02591633796692,7.46272,10094,73.48863633796692,0,11.999999999999996
126,<lib.graphlib.GraphLib object at 0x0000015263D246E0>,13079,5.830878734588623,12600,0.4750807285308838,,,,,,,,,,,,,,,,,,1,
126,<lib.graphlib.GraphLib object at 0x0000015262BACD70>,13669,6.651444911956787,12861,0.5494847297668457,,,,,,,,,,,,,,,,,,2,
126,<lib.graphlib.GraphLib object at 0x0000015262BAD090>,13633,6.437811374664307,13332,0.5737192630767822,,,,,,,,,,,,,,,,,,3,
126,<lib.graphlib.GraphLib object at 0x0000015262BAEDF0>,13637,6.358515739440918,13206,0.6076557636260986,,,,,,,,,,,,,,,,,,4,
129,<lib.graphlib.GraphLib object at 0x0000015262BACAA0>,14283,6.341279029846191,13720,1.3056068420410156,,,,,,,,,,,,,"<RuntimeJobV2('d45sqj6n7jjs73bt1sk0', 'sampler')>",47.915786027908325,3.483572,10903,51.39935802790833,0,11.999999999999996
129,<lib.graphlib.GraphLib object at 0x0000015262CB5EA0>,13907,6.719968318939209,13580,0.908848762512207,,,,,,,,,,,,,,,,,,1,
129,<lib.graphlib.GraphLib object at 0x00000152629B1220>,13977,6.381484031677246,13260,0.7637710571289062,,,,,,,,,,,,,,,,,,2,
129,<lib.graphlib.GraphLib object at 0x0000015262BF0E10>,13970,6.269549131393433,13920,1.1097331047058105,,,,,,,,,,,,,,,,,,3,
129,<lib.graphlib.GraphLib object at 0x0000015262BF1090>,14511,6.309075832366943,14091,0.630263090133667,,,,,,,,,,,,,,,,,,4,
132,<lib.graphlib.GraphLib object at 0x0000015262BF3D90>,14561,7.2377283573150635,13979,0.5618624687194824,,,,,,,,,,,,,"<RuntimeJobV2('d45sr96jf4ms73ap4eo0', 'sampler')>",48.79434061050415,3.608151,11258,52.40249161050415,0,11.999999999999996
132,<lib.graphlib.GraphLib object at 0x0000015264067AC0>,15021,6.844726085662842,14986,0.6892340183258057,,,,,,,,,,,,,,,,,,1,
132,<lib.graphlib.GraphLib object at 0x0000015262BAF890>,14681,6.629147529602051,14306,1.1731986999511719,,,,,,,,,,,,,,,,,,2,
132,<lib.graphlib.GraphLib object at 0x0000015263CE8230>,14543,7.0271477699279785,14291,0.7005541324615479,,,,,,,,,,,,,,,,,,3,
132,<lib.graphlib.GraphLib object at 0x0000015263CE9130>,15418,6.740167856216431,15257,0.3983767032623291,,,,,,,,,,,,,,,,,,4,
135,<lib.graphlib.GraphLib object at 0x000001525571FD40>,15015,6.613949775695801,14296,0.7097742557525635,,,,,,,,,,,,,"<RuntimeJobV2('d45srvpme48c73d7ivsg', 'sampler')>",51.220377922058105,3.39912,10414,54.6194979220581,0,11.999999999999996
135,<lib.graphlib.GraphLib object at 0x0000015263FE34D0>,15238,6.55674934387207,14930,1.0965266227722168,,,,,,,,,,,,,,,,,,1,
135,<lib.graphlib.GraphLib object at 0x0000015262CB6F80>,15387,8.588837623596191,14751,0.7882590293884277,,,,,,,,,,,,,,,,,,2,
135,<lib.graphlib.GraphLib object at 0x00000152635B3110>,15361,7.1234118938446045,14520,0.4797658920288086,,,,,,,,,,,,,,,,,,3,
135,<lib.graphlib.GraphLib object at 0x00000152635B0190>,15144,7.010212182998657,14635,0.7537727355957031,,,,,,,,,,,,,,,,,,4,
138,<lib.graphlib.GraphLib object at 0x00000152635B1BD0>,15923,7.338471412658691,15678,0.8335733413696289,,,,,,,,,,,,,"<RuntimeJobV2('d45ssnt63mfc73a7dt5g', 'sampler')>",53.57864785194397,7.774028,12854,61.35267585194397,0,11.999999999999996
138,<lib.graphlib.GraphLib object at 0x0000015262CB5680>,15777,8.007573366165161,15265,0.8750913143157959,,,,,,,,,,,,,,,,,,1,
138,<lib.graphlib.GraphLib object at 0x0000015262BAFAC0>,15762,7.278993129730225,15283,0.9943244457244873,,,,,,,,,,,,,,,,,,2,
138,<lib.graphlib.GraphLib object at 0x000001526275C5A0>,16012,7.713163137435913,15654,0.9596290588378906,,,,,,,,,,,,,,,,,,3,
138,<lib.graphlib.GraphLib object at 0x000001526275C230>,16056,7.33603048324585,15730,0.7447116374969482,,,,,,,,,,,,,,,,,,4,
141,<lib.graphlib.GraphLib object at 0x000001526275C280>,16461,6.796776056289673,15769,0.9660637378692627,,,,,,,,,,,,,"<RuntimeJobV2('d45sth563mfc73a7du8g', 'sampler')>",56.62063646316528,3.568355,12848,60.18899146316528,0,11.999999999999996
141,<lib.graphlib.GraphLib object at 0x00000152635BFD90>,16443,7.049028635025024,16347,0.603198766708374,,,,,,,,,,,,,,,,,,1,
141,<lib.graphlib.GraphLib object at 0x0000015262BACBE0>,16801,7.154430866241455,16501,1.0365643501281738,,,,,,,,,,,,,,,,,,2,
141,<lib.graphlib.GraphLib object at 0x0000015262744F50>,16497,7.592568874359131,16287,0.6517081260681152,,,,,,,,,,,,,,,,,,3,
141,<lib.graphlib.GraphLib object at 0x0000015262746DF0>,17045,7.77240777015686,16090,1.1644184589385986,,,,,,,,,,,,,,,,,,4,
144,<lib.graphlib.GraphLib object at 0x0000015262744910>,17132,8.132402420043945,16396,0.9401814937591553,,,,,,,,,,,,,"<RuntimeJobV2('d45sub1me48c73d7j2dg', 'sampler')>",59.78139901161194,4.462534,14188,64.24393301161194,0,11.999999999999996
144,<lib.graphlib.GraphLib object at 0x0000015262745EA0>,17441,7.747324466705322,16741,1.0798323154449463,,,,,,,,,,,,,,,,,,1,
144,<lib.graphlib.GraphLib object at 0x0000015262BAE800>,17365,7.765741348266602,16868,0.94223952293396,,,,,,,,,,,,,,,,,,2,
144,<lib.graphlib.GraphLib object at 0x0000015262BAEC60>,16433,7.388097047805786,15786,0.8745014667510986,,,,,,,,,,,,,,,,,,3,
144,<lib.graphlib.GraphLib object at 0x0000015262BAFFC0>,17551,7.548994064331055,17290,1.328810214996338,,,,,,,,,,,,,,,,,,4,
147,<lib.graphlib.GraphLib object at 0x00000152629B2C10>,17596,7.205592393875122,16900,0.9968736171722412,,,,,,,,,,,,,"<RuntimeJobV2('d45sv4un7jjs73bt218g', 'sampler')>",58.89908409118652,3.72971,13493,62.62879409118652,0,11.999999999999996
147,<lib.graphlib.GraphLib object at 0x0000015262BF1A40>,17791,7.192346811294556,17323,0.7269301414489746,,,,,,,,,,,,,,,,,,1,
147,<lib.graphlib.GraphLib object at 0x0000015262BF1180>,18109,7.4334938526153564,17382,0.7605764865875244,,,,,,,,,,,,,,,,,,2,
147,<lib.graphlib.GraphLib object at 0x0000015262BF2BC0>,17821,8.052681922912598,17781,0.6047110557556152,,,,,,,,,,,,,,,,,,3,
147,<lib.graphlib.GraphLib object at 0x0000015262BF1900>,17665,7.496267557144165,17101,0.6898140907287598,,,,,,,,,,,,,,,,,,4,
150,<lib.graphlib.GraphLib object at 0x0000015262BF09B0>,18175,7.990203380584717,17625,0.8483738899230957,,,,,,,,,,,,,"<RuntimeJobV2('d45svupme48c73d7j41g', 'sampler')>",59.95879507064819,3.704191,14038,63.662986070648195,0,11.999999999999996
150,<lib.graphlib.GraphLib object at 0x0000015263D26210>,18305,7.815930128097534,18025,0.8256480693817139,,,,,,,,,,,,,,,,,,1,
150,<lib.graphlib.GraphLib object at 0x00000152635827B0>,18838,7.935572147369385,18303,1.2964422702789307,,,,,,,,,,,,,,,,,,2,
150,<lib.graphlib.GraphLib object at 0x0000015263583FC0>,18550,7.859873294830322,17968,1.269925594329834,,,,,,,,,,,,,,,,,,3,
150,<lib.graphlib.GraphLib object at 0x0000015263582620>,19055,7.768982648849487,18383,1.2171719074249268,,,,,,,,,,,,,,,,,,4,
